Column,Description
RecordID,Unique identifier for each record
Season,"The academic year associated with the relevant basketball season. E.g. The 2024-2025 season began on Nov. 4, 2024 and the National Championship game happened on Apr. 7, 2025"
Team,The NCAA Member Institution sponsoring Men's Basketball for Division 1.
Conference,The Conference the Team associated with for Division 1 Men's Basketball for the season.
Overall Seed,The overall rank assigned for the 68 teams selected to compete in the NCAA Championship for the given season.
Bid Type,AQ = Automatic Qualifier. Assigned to team that won their Conference's tournament; AL = At-Large. Selected from remaining teams by selection committee to make a total of 68 teams.
NET Rank,The NET Ranking (NCAA Evaluation Tool) is the primary metric used by the NCAA to assess and compare Division I men's and women's basketball teams for tournament selection and seeding. Current value.
PrevNET,The NET Ranking (NCAA Evaluation Tool) is the primary metric used by the NCAA to assess and compare Division I men's and women's basketball teams for tournament selection and seeding. Prior value.
AvgOppNETRank,Average Opponent NET Rank. Ranks team's AvgOppNet compared to the rest of the teams for that season.
AvgOppNET,Average Opponent NET. Measures the average NET ranking of a team's opponents over the course of the season.
WL,Win-Loss; Number of Wins and Losses separated by a dash.
Conf.Record,Win-Loss against teams in the same conference
Non-ConferenceRecord,Win-Loss against teams in other conferences
RoadWL,Win-Loss with games hosted away from the teams home court.
NETSOS,"NET Strength of Schedule. 1 = toughest, 364 = easiest"
NETNonConfSOS,"NET Strength of Schedule for Non-Conference games. 1 = toughest, 364 = easiest"
Quadrant1,"Win-Loss; Home vs. top 30, Neutral vs. top 50, Away vs. top 75"
Quadrant2,"Win-Loss; Home vs. 31–75, Neutral vs. 51–100, Away vs. 76–135"
Quadrant3,"Win-Loss; Home vs. 76–160, Neutral vs. 101–200, Away vs. 136–240"
Quadrant4,"Win-Loss; Home vs. 161+, Neutral vs. 201+, Away vs. 241+"
,
,
,
,
,
,
,
,
,
,
,
,
,
,
,
,
,
,
,
,
,
,
,
,
,
,
,
,
,
,
,
,
,
,
,
,
,
,
,
,
,
,
,
,
,
,
,
,
,
,
,
,
,
,
,
,
,
,
,
,
,
,
,
,
,
,
,
,
,
,
,
,
,
,
,
,
,
,
,
,
,
,
,
,
,
,
,
,
,
,
,
,
,
,
,
,
,
,
,
,
,
,
,
,
,
,
,
,
,
,
,
,
,
,
,
,
,
,
,
,
,
,
,
,
,
,
,
,
,
,
,
,
,
,
,
,
,
,
,
,
,
,
,
,
,
,
,
,
,
,
,
,
,
,
,
,
,
,
,
,
,
,
,
,
,
,
,
,
,
,
,
,
,
,
,
,
,
,
,
,
,
,
,
,
,
,
,
,
,
,
,
,
,
,
,
,
,
,
,
,
,
,
,
,
,
,
,
,
,
,
,
,
,
,
,
,
,
,
,
,
,
,
,
,
,
,
,
,
,
,
,
,
,
,
,
,
,
,
,
,
,
,
,
,
,
,
,
,
,
,
,
,
,
,
,
,
,
,
,
,
,
,
,
,
,
,
,
,
,
,
,
,
,
,
,
,
,
,
,
,
,
,
,
,
,
,
,
,
,
,
,
,
,
,
,
,
,
,
,
,
,
,
,
,
,
,
,
,
,
,
,
,
,
,
,
,
,
,
,
,
,
,
,
,
,
,
,
,
,
,
,
,
,
,
,
,
,
,
,
,
,
,
,
,
,
,
,
,
,
,
,
,
,
,
,
,
,
,
,
,
,
,
,
,
,
,
,
,
,
,
,
,
,
,
,
,
,
,
,
,
,
,
,
,
,
,
,
,
,
,
,
,
,
,
,
,
,
,
,
,
,
,
,
,
,
,
,
,
,
,
,
,
,
,
,
,
,
,
,
,
,
,
,
,
,
,
,
,
,
,
,
,
,
,
,
,
,
,
,
,
,
,
,
,
,
,
,
,
,
,
,
,
,
,
,
,
,
,
,
,
,
,
,
,
,
,
,
,
,
,
,
,
,
,
,
,
,
,
,
,
,
,
,
,
,
,
,
,
,
,
,
,
,
,
,
,
,
,
,
,
,
,
,
,
,
,
,
,
,
,
,
,
,
,
,
,
,
,
,
,
,
,
,
,
,
,
,
,
,
,
,
,
,
,
,
,
,
,
,
,
,
,
,
,
,
,
,
,
,
,
,
,
,
,
,
,
,
,
,
,
,
,
,
,
,
,
,
,
,
,
,
,
,
,
,
,
,
,
,
,
,
,
,
,
,
,
,
,
,
,
,
,
,
,
,
,
,
,
,
,
,
,
,
,
,
,
,
,
,
,
,
,
,
,
,
,
,
,
,
,
,
,
,
,
,
,
,
,
,
,
,
,
,
,
,
,
,
,
,
,
,
,
,
,
,
,
,
,
,
,
,
,
,
,
,
,
,
,
,
,
,
,
,
,
,
,
,
,
,
,
,
,
,
,
,
,
,
,
,
,
,
,
,
,
,
,
,
,
,
,
,
,
,
,
,
,
,
,
,
,
,
,
,
,
,
,
,
,
,
,
,
,
,
,
,
,
,
,
,
,
,
,
,
,
,
,
,
,
,
,
,
,
,
,
,
,
,
,
,
,
,
,
,
,
,
,
,
,
,
,
,
,
,
,
,
,
,
,
,
,
,
,
,
,
,
,
,
,
,
,
,
,
,
,
,
,
,
,
,
,
,
,
,
,
,
,
,
,
,
,
,
,
,
,
,
,
,
,
,
,
,
,
,
,
,
,
,
,
,
,
,
,
,
,
,
,
,
,
,
,
,
,
,
,
,
,
,
,
,
,
,
,
,
,
,
,
,
,
,
,
,
,
,
,
,
,
,
,
,
,
,
,
,
,
,
,
,
,
,
,
,
,
,
,
,
,
,
,
,
,
,
,
,
,
,
,
,
,
,
,
,
,
,
,
,
,
,
,
,
,
,
,
,
,
,
,
,
,
,
,
,
,
,
,
,
,
,
,
,
,
,
,
,
,
,
,
,
,
,
,
,
,
,
,
,
,
,
,
,
,
,
,
,
,
,
,
,
,
,
,
,
,
,
,
,
,
,
,
,
,
,
,
,
,
,
,
,
,
,
,
,
,
,
,
,
,
,
,
,
,
,
,
,
,
,
,
,
,
,
,