RecordID,Overall Seed
2020-21-Baylor,4
2020-21-Arkansas,15
2020-21-Purdue,20
2020-21-OklahomaSt.,22
2020-21-SouthernCalifornia,24
2020-21-TexasTech,26
2020-21-Wisconsin,28
2020-21-Syracuse,38
2020-21-UCLA,37
2020-21-Winthrop,50
2020-21-UCSantaBarbara,49
2020-21-Ohio,52
2020-21-Liberty,53
2020-21-UNCGreensboro,53
2020-21-AbileneChristian,52
2020-21-GrandCanyon,58
2020-21-Drexel,60
2020-21-MountSt.Mary's,61
2020-21-Duke,49
2020-21-Xavier,61
2020-21-St.John's(NY),69
2020-21-WrightSt.,71
2020-21-LouisianaTech,76
2020-21-Providence,85
2020-21-Belmont,90
2020-21-Navy,94
2020-21-Marquette,95
2020-21-Wofford,111
2020-21-ArmyWestPoint,119
2020-21-Butler,122
2020-21-Nebraska,126
2020-21-Bryant,127
2020-21-GeorgeMason,130
2020-21-Northeastern,143
2020-21-Siena,145
2020-21-TexasA&M,150
2020-21-CoastalCarolina,154
2020-21-Hofstra,155
2020-21-JacksonvilleSt.,156
2020-21-Wagner,164
2020-21-Temple,167
2020-21-NorthDakotaSt.,173
2020-21-BostonCollege,186
2020-21-Rice,187
2020-21-SaintPeter's,188
2020-21-WakeForest,189
2020-21-FresnoSt.,190
2020-21-Washington,200
2020-21-HolyCross,204
2020-21-SouthAlabama,206
2020-21-UAlbany,213
2020-21-NorthernKy.,215
2020-21-LIU,217
2020-21-Montana,218
2020-21-Charlotte,231
2020-21-Milwaukee,236
2020-21-UNCW,237
2020-21-IllinoisSt.,242
2020-21-Longwood,244
2020-21-UCSanDiego,252
2020-21-Quinnipiac,253
2020-21-GeorgeWashington,258
2020-21-CoppinSt.,260
2020-21-Ga.Southern,261
2020-21-SaintFrancis,264
2020-21-NJIT,265
2020-21-IUIndy,270
2020-21-LongBeachSt.,271
2020-21-GreenBay,274
2020-21-HighPoint,277
2020-21-Lehigh,280
2020-21-FGCU,291
2020-21-Jacksonville,294
2020-21-Hampton,305
2020-21-CentralMich.,307
2020-21-USCUpstate,309
2020-21-RobertMorris,310
2020-21-Presbyterian,314
2020-21-Fordham,320
2020-21-CalPoly,326
2020-21-Portland,327
2020-21-AlabamaA&M,328
2020-21-Alcorn,331
2020-21-AlabamaSt.,343
2020-21-Bethune-Cookman,200
2020-21-Brown,200
2020-21-Cornell,200
2020-21-Princeton,200
2020-21-Yale,200
2021-22-Arizona,7
2021-22-TexasTech,14
2021-22-Iowa,24
2021-22-Illinois,17
2021-22-MurraySt.,33
2021-22-SanFrancisco,26
2021-22-SouthernCalifornia,36
2021-22-Davidson,42
2021-22-TCU,35
2021-22-IowaSt.,35
2021-22-Wyoming,38
2021-22-OklahomaSt.,51
2021-22-NotreDame,43
2021-22-BYU,54
2021-22-Creighton,39
2021-22-Florida,59
2021-22-Chattanooga,49
2021-22-SouthDakotaSt.,49
2021-22-Towson,72
2021-22-Richmond,48
2021-22-PennSt.,88
2021-22-Maryland,89
2021-22-GrandCanyon,92
2021-22-UNI,100
2021-22-MiddleTenn.,103
2021-22-FloridaSt.,106
2021-22-Wofford,107
2021-22-Nevada,122
2021-22-TexasSt.,129
2021-22-Fla.Atlantic,131
2021-22-Wagner,135
2021-22-SouthernIll.,136
2021-22-UCSantaBarbara,139
2021-22-BostonCollege,150
2021-22-SamHouston,152
2021-22-NorthDakotaSt.,157
2021-22-Drexel,161
2021-22-NewMexico,162
2021-22-UCRiverside,163
2021-22-WeberSt.,167
2021-22-Jacksonville,170
2021-22-UNCW,175
2021-22-Charlotte,188
2021-22-Cornell,189
2021-22-Mercer,190
2021-22-WrightSt.,66
2021-22-Nicholls,192
2021-22-Niagara,202
2021-22-KansasCity,206
2021-22-LMU(CA),208
2021-22-Marist,213
2021-22-SouthernU.,215
2021-22-SanDiego,217
2021-22-UCDavis,218
2021-22-DetroitMercy,231
2021-22-IndianaSt.,236
2021-22-NewHampshire,237
2021-22-Marshall,242
2021-22-LIU,244
2021-22-OregonSt.,252
2021-22-Northeastern,253
2021-22-Canisius,258
2021-22-TennesseeTech,260
2021-22-HighPoint,261
2021-22-NewOrleans,264
2021-22-Alcorn,265
2021-22-PortlandSt.,270
2021-22-Presbyterian,271
2021-22-USCUpstate,274
2021-22-JacksonSt.,277
2021-22-ArmyWestPoint,280
2021-22-Pepperdine,282
2021-22-SanJoseSt.,292
2021-22-Denver,294
2021-22-Grambling,306
2021-22-UTRGV,307
2021-22-Stetson,309
2021-22-SacramentoSt.,311
2021-22-FloridaA&M,314
2021-22-AlabamaA&M,320
2021-22-Idaho,327
2021-22-WesternMich.,328
2021-22-RobertMorris,329
2021-22-SaintFrancis,331
2021-22-HolyCross,344
2021-22-CharlestonSo.,349
2021-22-Ark.-PineBluff,352
2021-22-EasternIll.,356
2021-22-DelawareSt.,357
2021-22-IUIndy,358
2022-23-Alabama,5
2022-23-Kansas,8
2022-23-SanDiegoSt.,16
2022-23-Baylor,14
2022-23-Arkansas,28
2022-23-Xavier,17
2022-23-Miami(FL),34
2022-23-Northwestern,35
2022-23-Liberty,44
2022-23-MississippiSt.,41
2022-23-SouthernCalifornia,41
2022-23-Col.ofCharleston,49
2022-23-VCU,47
2022-23-NewMexico,54
2022-23-Drake,48
2022-23-KentSt.,49
2022-23-TexasTech,63
2022-23-SamHouston,65
2022-23-Bradley,72
2022-23-Vanderbilt,81
2022-23-Furman,53
2022-23-Louisiana,53
2022-23-Nebraska,92
2022-23-UCSantaBarbara,57
2022-23-MontanaSt.,56
2022-23-SouthAlabama,106
2022-23-LMU(CA),107
2022-23-Washington,122
2022-23-Towson,129
2022-23-Butler,131
2022-23-Troy,135
2022-23-Samford,136
2022-23-GeorgeMason,139
2022-23-BallSt.,150
2022-23-Georgia,152
2022-23-Stetson,157
2022-23-LongBeachSt.,161
2022-23-TarletonSt.,162
2022-23-DePaul,163
2022-23-Montana,167
2022-23-LouisianaTech,170
2022-23-A&M-CorpusChristi,65
2022-23-EastCarolina,188
2022-23-NewMexicoSt.,189
2022-23-Pacific,190
2022-23-Drexel,191
2022-23-UTEP,192
2022-23-Rice,202
2022-23-AbileneChristian,206
2022-23-Siena,208
2022-23-MurraySt.,213
2022-23-NorthDakotaSt.,215
2022-23-Rider,217
2022-23-FIU,218
2022-23-NorthernAriz.,231
2022-23-Jacksonville,236
2022-23-PurdueFortWayne,237
2022-23-SoutheastMo.St.,66
2022-23-Alcorn,244
2022-23-NIU,252
2022-23-IdahoSt.,253
2022-23-Bellarmine,258
2022-23-UTRGV,260
2022-23-American,261
2022-23-Fairfield,264
2022-23-RhodeIsland,265
2022-23-TennesseeTech,270
2022-23-Lafayette,271
2022-23-Lehigh,274
2022-23-UCSanDiego,277
2022-23-TennesseeSt.,280
2022-23-TexasSouthern,66
2022-23-Bucknell,295
2022-23-Merrimack,307
2022-23-KansasCity,309
2022-23-Stonehill,314
2022-23-William&Mary,316
2022-23-EasternMich.,320
2022-23-TheCitadel,331
2022-23-Ark.-PineBluff,332
2022-23-CSUN,333
2022-23-NewOrleans,340
2022-23-EasternIll.,344
2022-23-SouthCarolinaSt.,347
2022-23-Hampton,349
2022-23-St.FrancisBrooklyn,353
2022-23-VMI,354
2022-23-HoustonChristian,357
2022-23-GreenBay,361
2022-23-LIU,362
2022-23-Hartford,363
2023-24-Uconn,5
2023-24-Alabama,17
2023-24-Marquette,13
2023-24-Baylor,13
2023-24-Wisconsin,24
2023-24-NewMexico,24
2023-24-Clemson,38
2023-24-Villanova,41
2023-24-WashingtonSt.,38
2023-24-OhioSt.,49
2023-24-GrandCanyon,48
2023-24-SouthCarolina,38
2023-24-Northwestern,41
2023-24-Virginia,39
2023-24-Princeton,55
2023-24-Oregon,44
2023-24-NCState,45
2023-24-SMU,65
2023-24-AppState,72
2023-24-BostonCollege,81
2023-24-SouthernCalifornia,88
2023-24-Minnesota,89
2023-24-SaintJoseph's,92
2023-24-Georgia,100
2023-24-Rutgers,103
2023-24-MoreheadSt.,57
2023-24-UCLA,107
2023-24-Drexel,122
2023-24-UTArlington,129
2023-24-YoungstownSt.,131
2023-24-SouthDakotaSt.,60
2023-24-WesternKy.,61
2023-24-Ohio,139
2023-24-Louisiana,150
2023-24-SamHouston,152
2023-24-PurdueFortWayne,157
2023-24-Fairfield,161
2023-24-Longwood,65
2023-24-UNCAsheville,163
2023-24-Delaware,167
2023-24-LongBeachSt.,65
2023-24-SFA,175
2023-24-SaintPeter's,66
2023-24-EastCarolina,189
2023-24-Gardner-Webb,190
2023-24-Temple,191
2023-24-GeorgeWashington,192
2023-24-Vanderbilt,202
2023-24-TexasSt.,206
2023-24-MontanaSt.,67
2023-24-Merrimack,213
2023-24-Mercer,215
2023-24-JacksonvilleSt.,217
2023-24-LamarUniversity,218
2023-24-Radford,236
2023-24-Nicholls,237
2023-24-MountSt.Mary's,242
2023-24-Northeastern,244
2023-24-NorthFlorida,252
2023-24-NorthAla.,253
2023-24-BallSt.,258
2023-24-WesternIll.,260
2023-24-KennesawSt.,261
2023-24-Denver,264
2023-24-CentralMich.,265
2023-24-Omaha,270
2023-24-SouthernUtah,271
2023-24-Binghamton,274
2023-24-Bucknell,277
2023-24-SIUE,280
2023-24-FIU,294
2023-24-RobertMorris,307
2023-24-Bethune-Cookman,308
2023-24-ULM,309
2023-24-Lafayette,313
2023-24-AlabamaSt.,314
2023-24-Navy,316
2023-24-DePaul,320
2023-24-NJIT,330
2023-24-UTRGV,331
2023-24-NorthwesternSt.,332
2023-24-N.C.A&T,343
2023-24-CentralArk.,344
2023-24-LIU,348
2023-24-UMES,349
2023-24-SaintFrancis,352
2023-24-Siena,353
2023-24-DetroitMercy,356
2023-24-IUIndy,360
2023-24-MississippiVal.,362
2024-25-Auburn,3
2024-25-IowaSt.,10
2024-25-Kentucky,16
2024-25-Wisconsin,13
2024-25-SaintMary's(CA),25
2024-25-Clemson,19
2024-25-UCSanDiego,42
2024-25-OhioSt.,41
2024-25-BoiseSt.,44
2024-25-Memphis,39
2024-25-Cincinnati,50
2024-25-WestVirginia,51
2024-25-Northwestern,53
2024-25-Indiana,54
2024-25-Villanova,55
2024-25-Nebraska,59
2024-25-Iowa,63
2024-25-NorthTexas,65
2024-25-Yale,53
2024-25-Stanford,81
2024-25-Georgetown,88
2024-25-LSU,89
2024-25-GrandCanyon,54
2024-25-Providence,100
2024-25-NotreDame,103
2024-25-UAB,106
2024-25-LoyolaChicago,107
2024-25-JacksonvilleSt.,122
2024-25-Belmont,129
2024-25-Wofford,60
2024-25-Milwaukee,135
2024-25-NorthDakotaSt.,136
2024-25-RobertMorris,62
2024-25-Col.ofCharleston,150
2024-25-RhodeIsland,152
2024-25-UTEP,157
2024-25-Radford,161
2024-25-LMU(CA),162
2024-25-Winthrop,163
2024-25-VirginiaTech,167
2024-25-AppState,170
2024-25-SanJoseSt.,175
2024-25-SoutheastMo.St.,188
2024-25-SouthFla.,189
2024-25-YoungstownSt.,190
2024-25-Quinnipiac,191
2024-25-UNCAsheville,192
2024-25-BostonCollege,202
2024-25-Valparaiso,206
2024-25-SoutheasternLa.,208
2024-25-Bucknell,213
2024-25-Brown,215
2024-25-Hofstra,217
2024-25-William&Mary,218
2024-25-UTArlington,231
2024-25-MountSt.Mary's,66
2024-25-UCDavis,237
2024-25-UMassLowell,242
2024-25-CSUBakersfield,244
2024-25-Iona,252
2024-25-Richmond,253
2024-25-Monmouth,258
2024-25-FIU,260
2024-25-Mercer,261
2024-25-JacksonSt.,264
2024-25-GeorgiaSt.,265
2024-25-Navy,270
2024-25-Tulsa,271
2024-25-AlabamaSt.,67
2024-25-Bethune-Cookman,277
2024-25-LIU,280
2024-25-CharlestonSo.,294
2024-25-UMBC,296
2024-25-ArmyWestPoint,307
2024-25-UtahTech,309
2024-25-HolyCross,310
2024-25-Rider,314
2024-25-IUIndy,315
2024-25-Howard,316
2024-25-Louisiana,320
2024-25-SouthernInd.,331
2024-25-MorganSt.,332
2024-25-N.C.A&T,333
2024-25-OralRoberts,334
2024-25-SacramentoSt.,344
2024-25-ULM,349
2024-25-LeMoyne,350
2024-25-NewHampshire,355
2024-25-ChicagoSt.,358
2024-25-TheCitadel,362
2024-25-MississippiVal.,364
